poem_id,words,nonletters,uppercase,lowercase,lines
1,5.7894736842105265,52,20,393,19
2,4.346153846153846,54,31,413,26
3,5.428571428571429,33,1,290,14
4,4.68,54,7,446,25
5,4.833333333333333,30,8,215,12
6,4.7368421052631575,83,59,254,19
