poem_id,words,nonletters,uppercase,lowercase,lines
1,4.5,51,18,420,26
2,5.636363636363637,48,18,459,22
3,4.3125,23,16,259,16
4,4.607142857142857,45,22,503,28
5,4.714285714285714,18,8,124,7
6,7.777777777777778,34,7,296,9
